local authority: district / unitary (as of April 2019),mnemonic,Total,Aged under 1 year,Aged 1 - 4 years,Aged 5 - 9 years,Aged 10 - 14 years,Aged 15 - 19 years,Aged 20 - 24 years,Aged 25 - 29 years,Aged 30 - 34 years,Aged 35 - 39 years,Aged 40 - 44 years,Aged 45 - 49 years,Aged 50 - 54 years,Aged 55 - 59 years,Aged 60 - 64 years,Aged 65 - 69 years,Aged 70 - 74 years,Aged 75 - 79 years,Aged 80 - 84 years,Aged 85 and over
Darlington,E06000005,106600,1100,4800,6700,6400,5700,5400,6300,6600,6600,6300,7400,7900,7500,6400,6000,5700,3900,3100,2900
County Durham,E06000047,527000,5000,22000,30000,28600,29100,35900,33500,30100,30600,27700,35400,39700,37400,33500,31600,30100,19900,14600,12300
Hartlepool,E06000001,93200,1000,4300,6000,5600,5200,5400,6000,6000,5400,4900,6200,6900,6800,5600,5300,4600,3100,2600,2300
Middlesbrough,E06000002,140500,1900,7800,9600,8600,8400,11700,11000,9400,8100,7300,8200,9000,9000,7900,6600,5900,4200,3300,2800
Northumberland,E06000057,320300,2900,12000,17000,17200,15900,14400,16500,17000,17700,17000,21400,24600,25500,23400,22600,21500,14000,10200,9300
Redcar and Cleveland,E06000003,136700,1400,6000,8300,7800,7100,7400,8200,8100,7400,6800,8900,10200,10100,8800,8300,8300,5800,4200,3700
Stockton-on-Tees,E06000004,197200,2100,9500,13100,12200,10800,10900,13000,13300,12600,11100,13200,14100,13700,11800,10500,9500,6400,4900,4500
Gateshead,E08000037,202500,2000,8800,11600,10700,11200,12500,13300,14400,13500,11600,13400,14300,13900,11900,10600,10300,7300,5900,5100
Newcastle upon Tyne,E08000021,300200,3200,13400,17400,15200,20600,39900,29700,20700,17900,15000,16400,16800,16400,14400,12300,11000,7500,6300,6200
North Tyneside,E08000022,206000,2200,9300,12000,11600,10100,9900,11800,13500,14300,12600,14600,15300,14600,13100,11900,11200,7100,5700,5400
South Tyneside,E08000023,150300,1600,6800,8700,8300,7700,8400,9600,9800,9100,8000,9900,11400,11300,9900,8700,7800,5400,4300,3900
Sunderland,E08000024,277400,2900,12100,16000,15200,14400,17700,20200,17600,16300,14800,18700,20100,19800,17900,16000,14300,9800,7700,6100
Blackburn with Darwen,E06000008,148900,2000,8600,11200,10700,9800,9200,9700,10300,10500,9200,10100,9800,8900,7400,6600,5800,3900,2800,2400
Blackpool,E06000009,139300,1600,6700,8400,7800,7400,7900,8900,8300,7600,7300,9800,10800,9900,8400,7700,7700,5400,3900,3700
Cheshire East,E06000049,380800,3900,16300,22000,22000,19400,16900,19300,19700,21700,22500,28300,30200,28100,23600,23300,23600,16000,12000,11800
Cheshire West and Chester,E06000050,340500,3500,15100,19800,19200,18000,19500,19300,19100,20000,19400,24100,25600,24200,20900,20100,19800,13600,10000,9400
Halton,E06000006,128400,1500,6200,8500,8100,7100,7000,7900,8400,8100,7500,9000,8900,8900,8000,7500,6400,4000,2900,2400
Warrington,E06000007,209500,2200,9700,13100,12400,11400,10700,12800,13500,13700,13000,15700,16300,14600,11700,10800,10700,7600,5300,4400
Allerdale,E07000026,97500,900,3800,5300,5200,5000,4700,5200,5000,5200,5000,7000,7800,7300,6600,6700,6300,4400,3200,3000
Barrow-in-Furness,E07000027,67100,700,3000,3700,3700,3500,3700,4100,4000,3600,3500,4700,5300,4800,4100,4000,4000,2900,1900,1600
Carlisle,E07000028,108400,1000,4900,6300,5900,5400,5900,6500,6100,6500,6000,7600,7900,8100,6900,6600,6000,4300,3200,3100
Copeland,E07000029,68400,600,2900,3700,3700,3300,3400,4000,3800,3800,3600,4700,5500,5400,4800,4400,4100,2900,2100,1800
Eden,E07000030,52900,400,1800,2600,2800,2500,2200,2600,2400,2600,2600,3700,4400,4300,4000,4000,3800,2600,1800,1900
South Lakeland,E07000031,104500,700,3400,4800,5400,5400,4600,4400,4500,5100,5400,7200,8200,8300,7700,7800,8100,5400,4000,4100
Bolton,E08000001,285400,3600,15700,20000,18300,16600,16400,18600,19500,17900,17000,19900,20000,17800,15000,14100,13600,9400,6300,5700
Bury,E08000002,190100,2200,9600,12800,12000,10500,10000,12200,12600,12400,11300,13300,13900,12600,10100,9800,9600,6400,4700,4100
Manchester,E08000003,547600,7300,30500,36300,31400,34900,67600,65500,50700,41300,30500,29500,28400,23700,19200,15800,12800,9000,6900,6400
Oldham,E08000004,235600,3200,13500,17000,16400,15000,14100,16000,16100,15300,13400,15800,15900,14200,11900,10800,10400,7200,5000,4500
Rochdale,E08000005,220000,2900,12200,15500,14300,12700,13000,15100,15100,14600,12900,14900,15100,13800,12000,10800,9600,6500,4600,4400
Salford,E08000006,254400,3500,14100,16700,14600,13800,18900,23100,22300,19000,14300,15400,16000,14400,11700,10300,9600,6800,5000,4600
Stockport,E08000007,291800,3300,14300,18500,17600,15000,13500,17000,18300,19400,18100,20600,21400,19800,16900,15500,15100,10800,8400,8200
Tameside,E08000008,225200,2800,11700,15000,13400,12000,12500,15100,15200,14400,13000,15800,16900,15300,12400,11500,11200,7400,5300,4300
Trafford,E08000009,236400,2700,12000,16700,16200,13200,10400,12700,15100,17200,16700,17600,17300,15400,12500,10900,10400,7500,5900,6100
Wigan,E08000010,326100,3600,14900,20000,19200,17400,17200,20700,21300,20600,19200,24600,25200,22000,18300,18000,18000,12100,7600,6200
Burnley,E07000117,88500,1100,4800,6000,5600,4700,4800,5700,6100,5400,5100,5800,6000,5700,5100,4800,4600,2900,2100,2000
Chorley,E07000118,116800,1100,5300,7100,6800,5700,5600,6800,7600,7400,7400,8900,9000,8000,6900,6700,6800,4300,2800,2400
Fylde,E07000119,79800,600,2700,4100,4200,3800,3100,3600,3900,4200,4100,5400,6300,6400,5600,5500,5900,4100,3100,3100
Hyndburn,E07000120,80800,1000,4300,5500,5100,4600,4700,5200,5200,5000,4500,5600,5700,5100,4400,4200,4200,2700,2000,1700
Lancaster,E07000121,144200,1400,6000,8000,7400,9900,14500,10400,7400,7500,7100,8800,9700,9300,8100,7900,7700,5400,4000,3800
Pendle,E07000122,91400,1200,5100,6400,5700,5000,4600,5800,6200,6100,5400,6000,5900,5800,5300,5100,4700,3000,2100,2100
Preston,E07000123,141800,1700,7600,9300,8600,8600,13700,11600,9400,9000,7700,9100,9200,8600,6900,6100,5200,3800,3100,2700
Ribble Valley,E07000124,60100,500,2100,3300,3700,3500,2600,2900,2700,3000,3300,4600,5000,4700,4100,3800,3900,2600,1900,1900
Rossendale,E07000125,70900,800,3300,4600,4400,3900,3400,4300,4300,4400,4400,5300,5500,5000,4300,4000,3800,2200,1600,1500
South Ribble,E07000126,110500,1100,4900,6700,6400,5700,5400,6400,6600,6500,6600,8000,8500,7700,6700,6600,6500,4400,3100,2800
West Lancashire,E07000127,113900,1000,4500,6400,6500,7300,8600,6800,5400,5400,5700,7800,8400,8000,7000,6700,6800,4800,3500,3000
Wyre,E07000128,111200,900,4000,5600,6000,5500,5100,5700,5400,5600,5300,7300,8300,8400,7600,7900,8200,6000,4400,4100
Knowsley,E08000011,149600,2000,8100,9600,8800,8300,9200,10600,10000,8800,7600,9600,10700,11100,9600,7700,6300,4500,3800,3300
Liverpool,E08000012,494800,5900,23800,27600,24000,30700,52200,46900,38300,33400,26400,28700,29700,29500,25200,21600,18400,13000,10400,9200
Sefton,E08000014,275400,2700,11800,15600,14900,14200,13500,15900,15300,14800,14400,18300,20500,20900,18700,16700,16200,12000,9900,9300
St. Helens,E08000013,180000,2000,8300,10800,10100,9300,9500,11700,11600,10900,10200,12700,13200,12300,10700,10300,10300,7100,5100,4000
Wirral,E08000015,323200,3300,14700,19700,19100,17300,15800,18500,19000,18600,17900,22100,23800,23300,20300,19500,18300,13000,9500,9500
East Riding of Yorkshire,E06000011,339600,2800,12700,18200,18500,17600,14200,15400,16100,17300,18700,24300,26500,26000,23900,24200,24400,16100,12100,10600
"Kingston upon Hull, City of",E06000010,260600,3300,13900,17200,14900,14000,21800,23000,20000,16900,14500,16100,16800,16000,13300,11700,10300,6900,5400,4600
North East Lincolnshire,E06000012,159800,1800,7700,10300,9600,8500,8300,10400,10300,9200,8400,10800,11400,11200,9600,8800,8600,5900,4700,4300
North Lincolnshire,E06000013,172000,1700,7500,10600,10300,8900,8400,10100,10700,10200,9400,11800,12900,12400,11000,10600,9700,6600,4800,4400
York,E06000014,209900,1800,8000,10800,10300,14300,23200,16600,13500,12200,11400,13000,13400,12300,10700,10000,10200,6900,5700,5500
Craven,E07000163,56800,500,2000,2900,3000,3000,2200,2600,2500,2800,2800,4100,4500,4500,4400,4100,4100,2800,2000,2100
Hambleton,E07000164,91100,700,3400,4800,4800,4400,3800,4500,4500,4600,4600,6300,7500,7300,6300,6400,6500,4400,3300,2900
Harrogate,E07000165,160500,1400,6400,9200,9700,9100,5500,7700,8100,9100,9500,12000,13100,12200,10400,9600,9900,6800,5400,5500
Richmondshire,E07000166,53200,500,2200,3000,2800,2900,2500,4000,3700,3000,2700,3600,3800,3900,3400,3200,3100,2000,1600,1300
Ryedale,E07000167,54900,400,2000,2800,2900,2800,2500,2600,2600,2600,2700,3800,4400,4400,4100,4100,4000,2700,2000,1900
Scarborough,E07000168,108700,1000,4300,5700,5500,5200,5100,5800,5300,5100,5100,6800,8100,8500,8000,8100,8100,5400,4000,3700
Selby,E07000169,89100,900,4100,5300,5100,4500,4100,5100,5300,5400,5200,6700,7100,6700,5600,5300,5000,3200,2300,2100
Barnsley,E08000016,245200,2800,11500,14900,14000,12400,13600,15900,16100,15200,13400,17600,18600,17100,15000,13600,13100,8700,6200,5700
Doncaster,E08000017,310500,3500,14700,19700,18500,16100,16700,20700,21300,19800,17400,20900,22300,21400,18800,17000,15800,10700,8100,7200
Rotherham,E08000018,264700,3000,12800,16700,15800,14600,14300,16700,16700,16000,14400,18700,19300,18000,15800,14300,14300,9800,7100,6100
Sheffield,E08000019,582500,6400,26300,34400,32700,37100,61300,51600,38700,35300,31900,36700,36400,32800,27300,24700,24700,17600,13800,12800
Bradford,E08000032,537200,7400,32300,41200,39300,35500,32400,34200,37000,37600,33300,35400,33600,31200,27300,23700,20200,13800,11400,10400
Calderdale,E08000033,210100,2300,10100,13600,12900,11500,10600,12400,12800,13500,12600,15600,16100,14600,12600,11500,10800,7000,5000,4700
Kirklees,E08000034,438700,5200,22300,29400,27800,26000,27300,28200,27900,28700,26400,31100,30600,27600,23600,22300,21000,14000,10400,9200
Leeds,E08000035,789200,9800,40700,50300,43700,47700,78800,64800,55100,52100,44900,49100,49000,43800,37000,34200,32200,22100,17900,16000
Wakefield,E08000036,345000,4100,17000,21500,19600,17300,18200,22700,23600,21800,19500,24700,25800,23700,20300,18700,18100,12000,8700,7700
Derby,E06000015,257200,3200,13500,17900,16500,15700,18500,19200,17900,16700,15000,16800,17200,15000,12300,11100,10800,7500,6300,6200
Leicester,E06000016,355200,4800,20200,24800,22200,24500,40100,32500,26200,23900,20100,20100,19100,18600,15800,13300,10100,7300,5700,5900
Nottingham,E06000018,331100,4000,16700,20300,17900,26300,49100,32800,22700,20500,17100,18300,18000,16000,13300,11200,9600,6600,5400,5400
Rutland,E06000017,39700,300,1500,2000,2300,2500,1800,2100,1900,2200,2200,2700,3000,2800,2500,2700,2700,1900,1400,1300
Amber Valley,E07000032,126700,1200,5100,7000,6700,6400,6200,7200,7100,7400,7300,9600,10100,9200,8200,8100,8000,5100,3400,3400
Bolsover,E07000033,79500,900,3400,4600,4400,4100,4400,5000,4900,4700,4500,6100,6300,5500,4900,4600,4500,3000,2100,1800
Chesterfield,E07000034,104600,1000,4300,5900,5500,5200,5800,6600,6400,6300,5900,7600,8200,7400,6500,6200,6000,4000,2900,2800
Derbyshire Dales,E07000035,72000,500,2300,3400,3900,3600,3100,3200,2900,3200,3800,5200,6300,5900,5300,5500,5400,3500,2600,2400
Erewash,E07000036,115500,1200,5100,6900,6500,5800,6100,7400,7200,6900,6700,8400,9200,8100,6600,6200,6400,4300,3300,3200
High Peak,E07000037,92200,900,3700,5100,5100,4900,4700,5400,5100,5200,5100,6900,7700,7200,6100,5700,5500,3500,2400,2200
North East Derbyshire,E07000038,101100,900,4000,5300,5300,4900,4900,5500,5400,5300,5400,7300,8000,7400,6900,6700,7100,4800,3300,2800
South Derbyshire,E07000039,104500,1100,4700,6400,6300,5900,5200,6400,6600,6900,6500,8100,8200,7100,6000,5700,5400,3400,2300,2200
Blaby,E07000129,100400,1000,4600,6200,6100,5100,4900,5800,6500,6400,6000,7100,7500,6900,5800,5600,5600,3800,2900,2600
Charnwood,E07000130,182600,1900,7600,10200,9500,12300,18300,12800,10800,11000,9900,12100,12100,11300,9700,9500,8900,5900,4400,4400
Harborough,E07000131,92500,800,3800,5400,5800,5100,4000,4500,4600,5100,5700,7300,7700,6800,5700,5600,5700,3600,2700,2600
Hinckley and Bosworth,E07000132,112400,1100,4900,6500,6300,5700,5200,6500,6700,6800,6600,8300,8600,7900,6900,7200,6800,4400,3100,2900
Melton,E07000133,51100,500,2100,3000,2900,2600,2300,2600,2500,2700,2900,3800,4500,3900,3400,3400,3200,2100,1400,1400
North West Leicestershire,E07000134,102100,1100,4500,6000,6000,5300,5300,6100,5900,6300,6100,7900,8100,7100,6000,6000,6000,3600,2500,2300
Oadby and Wigston,E07000135,57100,600,2500,3400,3300,4200,4100,2300,3200,3300,3200,3700,4000,3900,3200,3100,3000,2200,2000,2000
Boston,E07000136,69400,800,3500,4500,3700,3500,3500,4500,4800,4500,3900,4400,4700,4400,4200,4000,3900,2700,1900,1900
East Lindsey,E07000137,140700,1200,5100,7100,6900,6300,5800,6500,6300,6200,6200,8900,10300,11000,11000,11700,12200,7900,5300,4800
Lincoln,E07000138,99000,1100,4600,5400,4600,7800,13200,8100,6800,6000,5000,5400,5800,5700,4500,4300,3900,2600,2000,2200
North Kesteven,E07000139,116000,1000,4900,6700,6300,6000,5200,6400,6900,6700,6300,8300,9000,8200,7000,7100,7600,5500,3700,3200
South Holland,E07000140,94000,1000,4200,5400,4900,4600,4500,5100,5500,5300,5200,6200,6900,6600,5900,6000,6200,4300,3200,3100
South Kesteven,E07000141,141900,1400,6200,8400,8400,7500,5900,7000,7400,8200,8000,10600,10800,10400,9100,9000,9100,5900,4200,4100
West Lindsey,E07000142,94900,900,3900,5200,5200,4900,4300,4800,4600,5000,4900,6600,7400,7300,6600,6500,6700,4300,3000,2600
Corby,E07000150,70800,900,4200,5400,4500,3800,3500,4800,5500,5600,4500,4700,5100,4600,3700,3100,2700,1800,1300,1100
Daventry,E07000151,84500,900,3600,5100,5100,4500,4000,4600,4500,4800,5000,6400,7100,6200,5400,5200,5000,3000,2100,1900
East Northamptonshire,E07000152,93900,1000,4100,5600,6000,5400,4300,4800,5100,5500,5700,7200,7500,6600,5600,5800,5500,3400,2400,2400
Kettering,E07000153,101300,1200,5200,6900,6400,5500,4800,6000,6500,6700,6500,7600,7500,6400,5500,5400,5300,3300,2300,2300
Northampton,E07000154,225100,3100,13100,16300,14000,12600,14300,14700,16700,17100,14700,15100,15000,13300,11000,10200,9300,6000,4400,4400
South Northamptonshire,E07000155,92500,900,4100,5800,5800,5000,3800,4600,4700,5400,5900,7400,7600,6800,5600,5400,5700,3300,2300,2200
Wellingborough,E07000156,79500,900,4100,5500,5000,4300,3800,4200,4900,5100,4900,5700,5800,5200,4600,4400,4400,2800,1900,1800
Ashfield,E07000170,127200,1300,6100,8000,7300,6700,6900,8300,8200,7800,7300,9200,9600,8900,7100,7000,6700,4800,3200,2700
Bassetlaw,E07000171,116800,1100,5200,6800,6400,6000,6100,6500,6200,6500,6600,8300,9300,8700,7500,7200,7100,4800,3400,3000
Broxtowe,E07000172,113300,1100,4700,6500,6000,5600,6700,7400,7300,7000,6700,7800,8200,7700,6500,6500,6600,4400,3200,3100
Gedling,E07000173,117800,1200,5000,7000,6700,6000,5800,7200,7000,7400,7200,8500,8900,8300,7000,7000,6600,4500,3600,3000
Mansfield,E07000174,108800,1200,5400,6800,6000,5300,5800,7100,7400,7100,6000,7500,8100,7800,6600,6100,5600,3800,2800,2600
Newark and Sherwood,E07000175,121600,1200,5200,7300,6900,6400,6100,7100,6800,6700,6800,8700,9400,8800,7700,7400,7500,5000,3400,3200
Rushcliffe,E07000176,117700,1100,5000,7300,7200,6000,6200,6500,6300,7400,7700,8600,8800,8100,6800,6600,6700,4400,3400,3600
"Herefordshire, County of",E06000019,192100,1800,7600,10800,10300,9400,8900,10800,10900,10900,9900,12700,14500,13900,13200,13000,12500,8600,6400,6200
Shropshire,E06000051,320300,2800,12200,16800,17500,17000,14900,17100,17200,17100,17200,22300,24900,24100,21400,21300,21300,14600,10500,10100
Stoke-on-Trent,E06000021,255800,3200,13900,17100,15300,14200,17800,18900,18200,16400,14000,16800,16800,15700,14000,12600,11800,8200,5800,5000
Telford and Wrekin,E06000020,177800,2100,8900,12300,11300,10300,11200,11200,11400,11800,10600,12700,13000,11300,9600,9200,8300,5800,3900,3200
Cannock Chase,E07000192,100100,1100,4300,5800,5700,5200,5500,6500,6700,6300,5700,7700,7900,6800,5800,5400,5300,3600,2400,2300
East Staffordshire,E07000193,118600,1300,5900,7500,6900,6400,6200,7300,7300,7700,6800,8500,9000,8200,6800,6300,6100,4300,3100,2900
Lichfield,E07000194,104000,900,4100,5800,5800,5500,5300,5500,5500,5700,6200,7500,8100,7200,6400,6300,7300,5000,3200,2800
Newcastle-under-Lyme,E07000195,129500,1200,5000,6800,6900,7500,10400,9500,7600,7400,7300,8500,9000,8600,7500,7200,7200,4800,3800,3400
South Staffordshire,E07000196,112100,1000,4000,5600,5800,5600,6000,6300,5700,5800,6000,7900,9000,8700,7400,7300,7400,5500,3800,3200
Stafford,E07000197,135900,1200,5500,7500,7600,6600,6800,8600,7900,8000,7800,9800,10500,9600,8200,8300,8300,6000,4100,3600
Staffordshire Moorlands,E07000198,98400,800,3500,5200,5400,5100,4500,5000,4800,5000,5400,7500,8000,7400,6600,6800,6900,4700,3300,2700
Tamworth,E07000199,76700,900,3600,4900,4600,4200,4300,4700,5200,4900,4500,5700,5400,4900,4500,4300,4100,2700,1700,1500
North Warwickshire,E07000218,64900,700,2700,3700,3500,3400,3200,3800,3800,3500,3700,4800,5100,4900,4200,3900,4000,2600,1800,1700
Nuneaton and Bedworth,E07000219,128900,1600,6400,8300,7500,6800,6900,8200,8400,8300,7500,8900,9600,8400,7400,7200,6900,4600,3300,2800
Rugby,E07000220,107200,1200,5300,7000,6700,5900,5000,6100,7100,7400,6800,7900,7700,7100,5600,5300,5600,3900,2800,2800
Stratford-on-Avon,E07000221,127600,1100,5100,6700,7000,6400,5600,6200,6200,6700,7100,9200,10000,9600,8300,8300,9000,5900,4600,4500
Warwick,E07000222,142500,1500,6000,8000,7600,7900,12200,11700,7800,8900,8700,9600,9800,8700,7300,7100,7000,4900,3700,4000
Birmingham,E08000025,1141400,16100,67500,83400,78400,79700,104600,96600,83000,77100,66600,68300,65700,58400,48000,41100,36100,27300,21700,21700
Coventry,E08000026,366800,4400,18600,24200,20600,23600,41100,37400,29300,23600,20100,20500,20100,18200,15100,13500,12900,9600,7200,6900
Dudley,E08000027,320600,3700,15400,20100,19300,17600,17500,19900,20100,19700,17900,22800,23400,20500,17700,17300,17200,12800,9600,8300
Sandwell,E08000028,327400,4600,19200,24400,21900,19200,19600,23000,24500,23400,20200,21800,22100,18800,15500,13500,12300,9700,7200,6600
Solihull,E08000029,214900,2300,10100,13700,13400,11900,10900,12400,12000,12700,12400,15300,15800,14800,11900,11700,12100,8300,6400,6700
Walsall,E08000030,283400,3900,15800,19700,18500,16800,16700,19200,19300,18300,15900,19000,18900,17200,14400,13300,12700,9900,7500,6600
Wolverhampton,E08000031,262000,3500,14500,18300,16300,14400,16400,19200,18900,17500,15600,18000,17300,15600,13100,11800,10500,8400,6500,6400
Bromsgrove,E07000234,98700,1000,4200,5800,5800,5000,4400,5300,5300,5700,6000,7300,7800,6800,6000,5800,5800,4100,3100,3300
Malvern Hills,E07000235,78100,600,2800,4100,4300,4000,3300,3400,3200,3600,4100,5200,6200,6100,5500,5700,5900,4000,3100,3200
Redditch,E07000236,85000,1000,4400,5500,5300,4400,4300,5500,5700,6200,5300,5800,5800,5200,5100,5100,4300,2600,1700,1700
Worcester,E07000237,101900,1100,4600,6100,5700,6000,8400,7900,6500,6600,6100,7000,7000,6300,5200,4900,4500,3200,2400,2400
Wychavon,E07000238,127300,1200,5100,7100,7000,6300,5500,6200,6500,6700,6900,9100,10000,9500,8700,8700,8700,5800,4100,4200
Wyre Forest,E07000239,101100,1000,4500,5700,5300,4900,4800,5600,5600,5400,5700,7100,7700,6700,6200,6800,7100,4700,3300,2900
Bedford,E06000055,171600,2300,9200,11700,10700,9800,8900,9600,11000,12000,11200,12000,12500,11000,9300,8400,7900,5300,4300,4400
Central Bedfordshire,E06000056,283600,3300,14500,18600,16900,14500,13100,17100,19600,19900,18500,20500,21300,19500,16000,14500,14200,9100,6900,6000
Luton,E06000032,214100,3300,14300,17100,14800,12900,12900,16100,18700,17100,13800,13000,12900,11600,9000,7500,6300,4900,4300,3700
Peterborough,E06000031,201000,3000,12900,15700,12800,10700,10500,14100,16200,15300,13100,13300,13000,11300,9600,8600,7700,5100,4100,4100
Southend-on-Sea,E06000033,182500,2200,9100,11700,10700,9400,9500,10300,11700,12800,12000,13300,13200,11900,9600,9300,9500,6200,4800,5300
Thurrock,E06000034,172500,2500,10700,13000,11700,9600,9200,11400,13300,13100,12200,12300,12000,9900,7900,7200,6600,4200,3000,2800
Cambridge,E07000008,125800,1300,5500,7200,6300,9400,20100,12100,8100,7800,6900,7000,7000,5900,5100,4400,3800,2800,2300,2800
East Cambridgeshire,E07000009,89400,900,4200,6100,5500,4700,3800,4400,5300,6200,6000,6700,6700,5900,5100,4900,4900,3200,2400,2400
Fenland,E07000010,101500,1100,4800,5800,5300,5100,5400,6100,6100,5800,5400,6800,7300,6900,6400,6300,6200,4200,3100,3200
Huntingdonshire,E07000011,177400,1900,8200,10800,9900,9100,8200,10600,11400,11300,11100,13200,13600,12500,10300,10000,9900,6500,4600,4200
South Cambridgeshire,E07000012,157500,1600,7600,10500,10200,8600,6300,7400,9100,10900,11300,12000,12100,10500,8800,8300,8400,5500,4100,4200
Basildon,E07000066,185900,2500,10200,12600,11400,10200,10100,12100,12900,12600,11700,12900,13100,11800,9800,8700,8700,5700,4600,4200
Braintree,E07000067,151600,1700,6900,9600,9200,8100,7000,8400,9200,9300,9400,11200,11700,10300,9100,8600,8600,5400,3900,4000
Brentwood,E07000068,76600,800,3600,4500,4600,4100,3800,4400,4500,4800,5000,5500,6000,5400,4200,3800,4100,2700,2400,2600
Castle Point,E07000069,90100,800,3600,4900,4900,4700,4700,5000,4700,4700,4900,6000,6500,6200,5700,5900,6600,4500,3100,2700
Chelmsford,E07000070,177100,1900,8300,10900,10600,9300,9200,10900,11700,11800,11700,12800,12900,11300,9800,9000,9500,6000,4800,4700
Colchester,E07000071,192500,2200,9200,12100,10700,11300,15100,15300,13000,12600,11800,12800,12800,11100,9300,9200,9300,6000,4400,4300
Epping Forest,E07000072,131100,1600,6400,8100,7500,6700,6600,8000,7900,8500,8300,9500,10000,9100,7400,6700,6900,4700,3600,4000
Harlow,E07000073,86600,1200,5400,6500,5400,4500,4700,5600,6600,6500,5400,5600,5800,5400,4600,3600,3300,2400,2000,2000
Maldon,E07000074,64400,600,2400,3400,3500,3400,2900,3000,2900,3200,3500,4700,5400,4900,4600,4500,4700,2900,2000,1900
Rochford,E07000075,87000,800,3400,4800,5000,4600,4600,4600,4400,4800,5200,6500,6700,6200,5300,5200,5700,3700,2900,2600
Tendring,E07000076,145800,1400,5900,7900,7500,7000,6800,7200,6400,6500,6700,8800,10200,10400,10100,10900,12200,8100,6000,5800
Uttlesford,E07000077,89200,1000,4300,5700,5700,5000,3900,4300,4700,5500,5700,6900,7200,6600,5300,4800,4800,3100,2300,2400
Broxbourne,E07000095,96900,1300,5100,6400,5800,5400,5200,6000,6300,6700,6000,6700,7300,6200,5000,4400,4600,3300,2700,2400
Dacorum,E07000096,154300,2000,8100,10400,9300,8100,7200,9100,10600,11200,10500,11200,11000,10400,8700,7400,6800,4600,3600,4100
East Hertfordshire,E07000242,148100,1600,6900,9600,9500,8400,6400,7900,8600,9900,10500,11600,12000,10400,8200,7200,7100,4800,3700,3700
Hertsmere,E07000098,104200,1200,5500,7300,6900,5800,5100,5900,6300,7100,7000,7200,7700,6900,5500,4900,4900,3300,2800,3000
North Hertfordshire,E07000099,133200,1500,6500,8900,7900,6800,5800,7300,8400,9600,9400,9800,10000,8800,7200,6700,6500,4600,3800,3700
St Albans,E07000240,147400,1700,7800,11200,10600,8000,5700,7400,8600,10800,11700,11400,11100,9100,7300,6600,6500,4400,3600,3900
Stevenage,E07000243,87800,1200,4700,6100,5300,4600,5000,6200,6800,6400,5300,5900,6500,5800,4600,3600,3300,2400,2100,2000
Three Rivers,E07000102,93000,900,4500,6300,6100,5100,4200,5200,5100,6600,6700,6900,7100,6300,5100,4400,4400,3000,2500,2600
Watford,E07000103,96800,1400,5700,7100,6200,5200,4800,6700,8200,8700,7400,6800,6300,5300,4300,3500,3100,2300,1900,1900
Welwyn Hatfield,E07000241,122700,1300,5900,7700,6800,7700,13100,9700,8600,8200,7100,7400,7600,7200,5700,4800,4700,3300,2900,3200
Breckland,E07000143,139300,1400,6100,8000,7400,6700,7000,7700,8000,7700,7200,9100,10000,9700,8800,9100,9600,6300,4900,4700
Broadland,E07000144,129500,1100,4900,7000,6900,6500,5700,6000,6600,7200,7400,9400,9900,9300,8400,8500,9100,6100,4800,4600
Great Yarmouth,E07000145,99400,1000,4400,5800,5500,5300,5400,5500,5800,5300,4900,6200,7100,6700,6400,6500,6800,4500,3100,3200
King's Lynn and West Norfolk,E07000146,151800,1500,6700,8800,8100,7200,7100,7700,8600,8100,7700,9700,10800,10600,10000,10300,10800,7500,5500,5100
North Norfolk,E07000147,104600,700,3400,4700,4800,4400,4300,4400,4600,4500,4600,6200,7400,8000,8200,8900,9400,6200,4900,5000
Norwich,E07000148,141100,1500,6400,8000,6900,9000,18000,13300,11100,9500,7600,8100,7900,7000,6100,5600,5400,3800,2900,3300
South Norfolk,E07000149,138000,1300,5900,8300,8000,7200,5800,6700,7300,8200,8200,9800,10200,9500,8600,8600,9300,6100,4600,4500
Babergh,E07000200,91400,800,3500,4900,5400,4900,4000,4100,4200,4600,4900,6600,7200,6600,6000,6300,6700,4400,3200,3200
Ipswich,E07000202,137500,1800,7500,9100,8100,7300,8200,10200,10700,10000,8500,9100,9000,8100,7300,6400,5700,3900,3300,3400
East Suffolk,E07000244,248200,2200,9400,13700,14000,12700,10900,11800,11700,12200,12700,16500,18300,17800,16900,17600,18500,12200,9400,9600
Mid Suffolk,E07000203,102500,800,3800,5600,5900,5300,4500,5200,5300,5700,5600,7300,8100,7500,7000,7000,7000,4600,3200,3100
West Suffolk,E07000245,178900,2100,8800,11500,10000,8800,10300,12000,12700,11200,9300,11500,12300,11100,9700,9800,10300,6900,5100,5300
Camden,E09000007,262200,2500,11500,15600,13700,14300,22500,29400,26700,22400,17900,16800,15000,12400,10300,9000,8200,5600,4000,4400
City of London,E09000001,8700,100,400,500,400,300,700,800,600,600,500,600,700,600,500,500,400,300,200,200
Hackney,E09000012,279700,4200,16100,18500,16200,13900,16600,30400,38800,30900,20300,16500,15000,12100,9000,6900,5300,3600,2800,2500
Hammersmith and Fulham,E09000013,185400,2300,9100,11400,9300,7900,14500,19200,19700,16500,14300,13000,11800,9300,7200,5900,5200,3600,2500,2500
Haringey,E09000014,270600,3800,14800,17000,15900,14700,16900,23600,26700,26200,21700,19300,17800,14300,10700,8800,6900,4800,3700,3200
Islington,E09000019,239100,2700,10400,12400,10700,11400,26400,32900,29400,20800,15100,13800,13000,11000,8100,6400,5500,3800,2700,2600
Kensington and Chelsea,E09000020,156200,1600,6700,8700,7700,6700,9400,12100,12800,14000,12300,11200,11000,9700,7800,7100,6600,4600,3100,3100
Lambeth,E09000022,325900,3900,15300,18400,16300,14100,22800,43600,43900,30900,22300,20000,19800,16100,11500,8400,6400,4900,3600,3600
Lewisham,E09000023,303500,4500,17300,20400,17400,14700,18600,28000,30800,30000,23800,21500,19700,16400,11900,8500,6900,5200,4100,3900
Newham,E09000025,352000,5700,22500,25000,21400,20200,27000,38200,41200,33100,23600,21300,18800,15600,11900,8800,6300,4700,3500,2900
Southwark,E09000028,317300,4200,16300,19700,16400,15000,23000,38000,37600,29000,22600,20500,19700,17000,12000,8300,6600,4700,3400,3400
Tower Hamlets,E09000030,317700,4500,17700,21100,18000,16700,27700,41100,43700,32500,23100,17600,14200,11100,8900,6700,4600,3500,2600,2500
Wandsworth,E09000032,326500,4600,17300,19600,14900,12600,20500,39800,43400,34800,24400,20400,17900,14200,11000,9300,7800,5700,4200,4000
Westminster,E09000033,255300,2600,11100,14700,12200,12400,18000,23900,26900,25000,19800,17300,16100,13200,10900,9400,7900,5500,4300,4300
Barking and Dagenham,E09000002,212000,3800,15700,19200,16400,13100,13300,16200,18100,16800,15200,14000,12400,10300,7600,5800,4700,3400,2800,3100
Barnet,E09000003,392100,5300,21300,27800,25100,21000,21600,28700,32000,32100,28400,27500,25600,21600,17900,15700,14300,9700,7800,8700
Bexley,E09000004,247300,3100,12900,16500,15700,14000,14000,17400,16700,17700,15700,17000,17800,15800,12300,10500,10200,7500,6200,6300
Brent,E09000005,330800,4800,19800,22400,19700,18600,22200,26400,29800,27500,22800,21400,20700,19100,15600,12200,9600,7200,5700,5300
Bromley,E09000006,331100,4200,17300,22300,20300,16900,14700,19200,22000,25500,24200,24500,24600,21000,16700,15100,15000,10400,8400,8900
Croydon,E09000008,385300,5600,22400,27400,25400,22100,19600,26100,29600,30000,27000,26400,27800,24700,19100,15200,13100,9300,7500,7100
Ealing,E09000009,342000,4800,19800,24500,21200,18600,19000,25100,28300,28900,25700,24500,22600,19200,16100,13400,10400,7800,6200,5800
Enfield,E09000010,333900,4700,19600,24900,23000,19600,18800,24900,25700,25400,22600,22800,23200,19700,15000,12200,10900,8300,6400,6100
Greenwich,E09000011,286200,4400,17600,20600,17500,15000,18000,24700,26800,26300,22200,19400,17700,14900,11300,8800,7900,5300,4000,3800
Harrow,E09000015,250100,3600,14200,16800,15100,13800,13500,17500,19100,19500,17200,16400,15900,15300,13200,11200,9600,7000,5700,5700
Havering,E09000016,257800,3400,14000,16500,15100,13900,14500,17900,18300,17900,15700,16500,17700,16400,13700,12000,11800,8300,6900,7400
Hillingdon,E09000017,304800,4400,18100,21800,18900,17600,20300,23000,23800,24600,21300,19800,19500,17300,13900,11200,10300,7300,6100,5800
Hounslow,E09000018,270800,4000,16400,19900,16200,13900,15300,20500,24000,24500,21100,18300,17200,14600,12200,10200,8200,5900,4400,3900
Kingston upon Thames,E09000021,175500,2100,9200,11900,10500,9000,11900,13100,13600,14700,13500,12700,11400,9800,7800,6900,6200,4300,3100,3700
Merton,E09000024,206200,3000,12000,14300,11900,9400,10500,15200,18400,20200,16300,14600,13800,11500,9100,7700,6300,4700,3600,3600
Redbridge,E09000026,303900,4600,18100,21700,20200,18200,17900,23100,25400,25400,22400,19900,18700,16400,13800,11200,9300,6800,5300,5500
Richmond upon Thames,E09000027,196900,2400,10200,14300,12300,9700,8100,9800,12700,16600,17000,16200,14700,12300,9900,8900,8300,5300,3800,4400
Sutton,E09000029,204500,2500,11200,14500,12800,10700,9700,11700,14600,17300,15700,15300,15000,12400,9900,8500,8200,5600,4500,4500
Waltham Forest,E09000031,276700,4400,17400,19700,16400,14500,15700,22900,27900,25800,20700,19200,17400,14300,11100,8700,7200,5200,4100,4100
Bracknell Forest,E06000036,121700,1400,6000,8500,7800,7300,6200,7400,8600,9400,8600,9200,9200,8100,6400,5200,4800,3000,2400,2200
Brighton and Hove,E06000043,290400,2600,11200,14700,14200,17800,33500,28400,21200,20500,18700,20500,20300,16000,12300,10500,10000,6700,5300,6100
Isle of Wight,E06000046,141500,1100,5300,7000,7200,7000,6600,6700,6800,6800,6900,9200,10700,10600,10300,10500,11100,7300,5100,5300
Medway,E06000035,277900,3500,15000,18900,17300,16300,16900,20200,19500,18700,17000,18900,19500,17700,14500,12900,12500,8000,5800,5100
Milton Keynes,E06000042,268600,3600,15500,21200,18600,14600,12900,16200,20100,22400,20300,19000,17900,15800,13600,12100,9900,6400,4400,4300
Portsmouth,E06000044,215100,2400,10300,13200,11900,13800,24500,19200,15700,13700,11800,13300,13400,12300,9600,8200,8100,5400,4200,4200
Reading,E06000038,163200,2200,9400,11200,9400,9600,14500,14000,13000,13200,11000,10500,10000,8400,6800,5500,5100,3600,2900,2900
Slough,E06000039,149100,2500,10400,13000,11300,8600,7900,9300,12200,14400,12000,10100,8800,7500,6200,4800,3400,2700,2000,1900
Southampton,E06000045,252800,3100,12700,15500,12900,16200,32900,25100,18300,17100,14100,13600,14200,12900,10900,9500,8700,6000,4400,4900
West Berkshire,E06000037,158500,1700,7300,10300,10200,9500,7000,8200,8900,9700,10600,12300,12400,11300,9400,8600,8300,5400,3900,3700
Windsor and Maidenhead,E06000040,150900,1600,7000,9900,10000,9000,6200,7700,9000,10500,10800,11700,11500,10000,7900,7200,7300,5100,4000,4400
Wokingham,E06000041,168000,1700,8100,12200,11300,9800,7500,7900,9700,11700,12600,13100,12500,11100,9100,7900,8000,5400,4200,4100
Aylesbury Vale,E07000004,199400,2300,10200,13800,12700,11200,9800,11900,13100,13900,13500,14500,15100,13100,10800,9700,9000,6100,4400,4300
Chiltern,E07000005,95900,900,4200,6700,6900,5400,3800,4100,3800,5400,6600,7300,7600,7100,5600,5000,5300,3800,3300,3200
South Bucks,E07000006,70000,700,3100,4600,4400,3600,3100,3400,3800,4300,4200,5300,5500,5200,4200,3600,3600,2800,2300,2500
Wycombe,E07000007,174600,2100,8800,11900,11500,10200,8800,9400,10100,11700,11900,12900,12800,11000,9300,8600,8500,6100,4600,4600
Eastbourne,E07000061,103200,1000,4500,6000,5400,5500,5600,5300,5600,6200,5700,6600,7100,6900,6100,6200,6700,4400,3800,4500
Hastings,E07000062,92900,1100,4400,5700,5200,5000,5200,5500,5700,5600,5300,6500,7200,6400,5700,5300,5200,3100,2300,2600
Lewes,E07000063,102700,900,3900,5900,5900,5500,4500,4700,4900,5700,5600,7100,7900,7300,6600,6700,6900,4800,3600,4200
Rother,E07000064,95700,700,3100,4800,4800,4400,4100,4100,3900,4000,4200,5900,7000,7200,7000,7600,8400,5600,4300,4600
Wealden,E07000065,160200,1300,6200,8800,9300,8300,6700,7200,7200,8200,8400,11200,12900,12000,10800,10700,11700,7600,5600,5900
Basingstoke and Deane,E07000084,175700,1900,8900,12000,10600,9300,8500,10000,11700,12500,11900,13300,13500,11900,9500,8600,8500,5500,3900,3700
East Hampshire,E07000085,120700,1100,4900,7200,7300,6700,5500,5500,5400,6400,7100,9000,9600,9200,7800,7300,7600,5200,3900,4000
Eastleigh,E07000086,131800,1400,6100,8400,7900,6900,6300,8100,8400,8700,8500,9300,9500,8900,7600,7100,6800,4600,3600,3600
Fareham,E07000087,116300,900,4600,6500,6400,6200,5600,6100,6400,6600,6700,8400,8900,8600,7100,6900,7400,5100,3900,3900
Gosport,E07000088,85300,900,3800,5200,5100,4900,4800,5500,5300,5200,4900,5700,6200,5900,5000,4700,4700,3000,2300,2300
Hart,E07000089,96300,1000,4500,6400,6300,5300,3900,4700,5300,6300,7000,7600,7600,6500,5200,4800,5300,3700,2600,2500
Havant,E07000090,125800,1200,5400,7200,7100,6800,6800,7300,7000,6700,6400,8200,9200,9200,8000,7500,7900,5400,4200,4400
New Forest,E07000091,179800,1400,6400,9500,9400,8700,7700,8200,8100,8500,9200,11700,13400,13300,12300,12900,13700,9400,7500,8400
Rushmoor,E07000092,95100,1300,5100,6100,5500,4800,5400,6900,7600,7200,6800,7100,7000,6000,4500,3900,3800,2600,1900,1700
Test Valley,E07000093,125200,1300,5800,7800,7200,6500,5400,6600,6900,7600,7700,9200,9700,8900,7500,7200,7500,4900,3800,3600
Winchester,E07000094,124300,1100,5200,7600,7700,8400,8000,6100,5900,6900,7700,8600,9200,8400,7200,6800,7000,4800,3600,4100
Ashford,E07000105,129300,1500,6500,8800,8300,7300,6200,7500,7700,7700,7900,9400,9900,8500,6900,6900,7100,4600,3200,3200
Canterbury,E07000106,164600,1300,6100,8500,8500,12200,19800,12800,8400,7900,7600,9400,10200,9500,8800,8900,9100,6200,4500,5000
Dartford,E07000107,109700,1700,6400,7900,7100,5700,5600,7400,9000,8900,7500,7800,7600,6400,5100,4300,4100,2800,2200,2300
Dover,E07000108,117000,1100,4900,6600,6600,6000,5900,6300,6400,6300,6200,7900,8900,8600,8000,7600,7700,4800,3600,3500
Gravesham,E07000109,106400,1400,5800,7200,6900,6100,5500,6600,7200,7000,6500,7600,7500,6900,5500,4900,4800,3500,2800,2500
Maidstone,E07000110,170000,2100,8600,11000,10200,9000,8600,10300,11000,11300,10300,12100,12700,11000,9200,8700,9100,6000,4500,4300
Sevenoaks,E07000111,120300,1300,5700,8100,7800,6400,5100,5800,6200,7500,7900,8600,9300,8100,6900,6900,7000,4600,3600,3700
Folkestone and Hythe,E07000112,112600,1000,4600,6400,6000,5500,5400,6200,6000,6300,6100,7800,8500,8100,7200,7500,7800,4900,3500,3800
Swale,E07000113,148500,1700,7400,9900,9200,8200,8200,9100,9000,9300,8400,10000,11100,9800,8600,8100,8300,5200,3600,3200
Thanet,E07000114,141800,1600,6500,8800,8500,7600,7400,7800,7800,8000,7400,9000,9800,9500,8900,9000,9300,6100,4300,4400
Tonbridge and Malling,E07000115,130500,1500,6300,8600,8600,7800,6300,7000,7100,8200,8600,10000,10000,8800,7200,6500,6800,4700,3500,3100
Tunbridge Wells,E07000116,118100,1200,5200,7700,8100,6900,4900,5700,7000,7800,8000,9300,9400,7800,6500,5900,6000,4000,3000,3700
Cherwell,E07000177,149200,1800,7500,9700,9100,7900,6800,8300,10400,10900,9700,10700,11200,10000,8200,7600,7000,5000,3800,3600
Oxford,E07000178,154300,1600,6700,9000,8400,11600,25900,15800,9800,9800,8000,7800,8100,7000,6000,5300,4600,3400,2600,2900
South Oxfordshire,E07000179,140500,1500,6500,8800,8600,7500,5900,7100,7800,8900,8900,10600,11100,9800,8100,7500,7900,5600,4200,4000
Vale of White Horse,E07000180,133700,1500,6500,8300,8000,7300,6200,7400,8600,8800,8600,9400,9800,9100,7500,7100,7100,4900,3800,3800
West Oxfordshire,E07000181,109800,1100,4800,7000,6300,5600,4800,6200,6600,6900,6500,7900,8300,7800,6500,6200,6300,4400,3200,3400
Elmbridge,E07000207,136600,1600,7500,10500,9300,7500,5100,5300,6300,9500,10900,11100,10700,9400,7000,6500,6300,4400,3600,4200
Epsom and Ewell,E07000208,79900,1000,4100,5500,5000,4800,3900,4100,4400,5500,5800,6000,5900,5200,4100,4000,3800,2700,2100,2100
Guildford,E07000209,147900,1400,6100,8800,8500,9600,14400,11900,8900,8900,9100,9700,9900,8800,7500,6600,6500,4300,3400,3700
Mole Valley,E07000210,87300,800,3400,5100,5200,4800,3700,3900,3900,4700,5600,6500,7200,6600,5600,5000,5400,3700,3000,3200
Reigate and Banstead,E07000211,147800,1800,7700,10100,9100,7700,6500,8100,9000,10900,10800,10800,11100,9600,7800,7100,7000,4700,3600,4400
Runnymede,E07000212,88000,900,4000,4900,4600,5400,8400,7300,5300,5300,5500,5700,6000,5400,4400,3800,3900,2700,2200,2300
Spelthorne,E07000213,99300,1200,5100,6300,5800,4900,4800,5500,6200,7400,6800,7300,7300,6900,5400,4700,4700,3500,2800,2700
Surrey Heath,E07000214,88900,800,4000,5600,5600,4900,4200,4600,4700,5600,6000,7100,7100,6300,5100,4400,4500,3300,2600,2500
Tandridge,E07000215,87500,1000,4100,5400,5400,4800,3800,4300,4800,5600,5500,6400,7000,6200,5100,4700,4900,3300,2400,2800
Waverley,E07000216,125600,1200,5700,8200,8300,7900,5600,4900,5600,7400,8500,9600,9500,8500,7100,6800,7100,5100,4100,4500
Woking,E07000217,101200,1300,5400,7300,6600,5200,4200,5300,6300,7900,8100,7400,7300,6400,5300,4700,4300,3000,2400,2700
Adur,E07000223,63900,600,3000,4000,3500,3100,2800,3000,3500,4000,4100,4700,4700,4200,3800,3800,4000,2800,2200,2100
Arun,E07000224,159800,1400,6300,8700,7800,7200,7200,7900,7900,8300,8100,10400,11400,11000,10300,11300,12400,8700,6600,6900
Chichester,E07000225,120800,1000,4700,6600,6400,6000,6600,5800,5400,5900,6200,7700,8900,8800,8300,8000,8600,6100,4700,5000
Crawley,E07000226,112400,1500,6500,8300,7100,6000,5800,7800,9100,9800,8000,7900,7500,6700,5600,4400,3800,2500,2000,2400
Horsham,E07000227,142200,1300,6000,8300,8600,7700,6000,7000,7200,8300,8600,10200,11500,10600,8900,8500,8500,5900,4500,4600
Mid Sussex,E07000228,149700,1500,7000,9800,9300,8100,6200,7200,8400,10100,10200,11400,11400,10100,8500,8000,8300,5400,4200,4600
Worthing,E07000229,110000,1100,4700,6500,6100,5300,4900,5900,6400,7100,7100,8100,8300,7500,6300,6100,6500,4400,3600,4100
Bath and North East Somerset,E06000022,192100,1700,7700,10500,10100,13600,21200,14700,10100,10100,9900,12000,12700,11500,10000,9500,9600,6600,5200,5400
"Bournemouth, Christchurch and Poole",E06000058,395800,3900,17000,22500,20600,21300,27200,23100,24700,26500,23500,26100,27400,24900,21800,21500,22300,15100,12400,13900
"Bristol, City of",E06000023,463400,5700,23300,28200,24300,26200,51000,50900,41000,33700,27000,25600,25200,22400,19000,16700,15100,10800,8200,9100
Cornwall,E06000052,566000,5200,23000,31900,30300,29900,30400,28000,28200,29900,30200,37900,41700,41000,38700,39100,39700,25200,18000,17600
Isles of Scilly,E06000053,2200,0,100,100,100,100,100,100,100,100,100,100,200,200,200,100,200,100,100,100
North Somerset,E06000024,213900,2000,9500,12900,12100,11000,9400,10400,11500,12800,13000,15100,15900,14400,13000,13300,14100,9400,7100,7200
Plymouth,E06000026,263100,2800,12100,15800,14100,15700,23800,18900,17200,16300,14000,16500,17400,16300,14100,13000,13000,8900,6700,6400
South Gloucestershire,E06000025,282600,3200,13100,17500,16200,15700,17800,17800,19000,18700,17000,19700,21100,18200,14900,13800,14200,10200,7600,7100
Swindon,E06000030,222000,2800,11700,15100,13400,11900,11300,13500,15700,16100,15100,16800,16500,14900,12000,10200,9400,6300,4700,4600
Torbay,E06000027,135800,1200,5700,7500,7100,6600,6200,6900,7000,6700,6800,8900,10000,9900,9300,9500,9800,6600,4900,5100
Wiltshire,E06000054,498100,5000,22300,31200,30200,27000,22400,26800,28600,29100,29200,36600,38300,35400,30100,28900,28800,19500,14300,14500
East Devon,E07000040,144300,1200,5300,7600,7500,6700,5400,6400,6700,7000,7100,9300,10300,10100,10100,10800,11600,8100,6200,6800
Exeter,E07000041,130400,1200,5200,6700,5900,8900,17200,13200,9100,8100,6900,7200,7400,6700,5800,5500,5300,3800,2900,3400
Mid Devon,E07000042,81700,800,3400,4900,5000,4500,3800,3900,4200,4300,4500,5800,6200,6000,5300,5400,5200,3500,2400,2600
North Devon,E07000043,96100,900,3900,5500,5400,4700,4300,5000,4900,5100,5000,6500,7200,7100,6500,6300,6700,4500,3300,3300
South Hams,E07000044,86200,600,2900,4500,4600,4400,3100,3600,3700,4100,4300,5600,6900,7000,6600,6800,6900,4300,3200,3000
Teignbridge,E07000045,132800,1200,5100,7100,6900,6400,5400,6400,6700,7000,6900,8800,10400,10200,9400,9500,9700,6300,4500,5000
Torridge,E07000046,68100,600,2600,3700,3500,3300,2800,3200,3100,3300,3300,4500,5200,5400,5200,5400,5100,3300,2400,2200
West Devon,E07000047,55500,400,2000,2800,3000,2700,2100,2300,2500,2800,2600,3700,4400,4600,4200,4200,4400,2700,1900,2000
Dorset,E06000059,376500,2900,13400,19400,20100,19300,15000,17100,17000,18000,18900,24400,27900,28400,27000,28000,29500,19900,14900,15400
Cheltenham,E07000078,117100,1200,5100,6500,6400,7100,8100,7800,8000,8000,6900,7700,8100,7400,6200,5900,5700,4100,3200,3600
Cotswold,E07000079,89000,800,3400,4700,4800,4500,4200,3800,4000,4600,4900,6500,7300,6700,6200,6100,6100,4300,3100,3200
Forest of Dean,E07000080,86500,800,3500,4700,4600,5000,4500,4300,4000,4200,4400,6100,6900,6700,6000,6100,5800,3900,2700,2400
Gloucester,E07000081,129300,1700,6700,8600,7700,7400,7900,8600,9000,8900,7700,8900,9300,8500,6800,6000,5700,4000,2900,3000
Stroud,E07000082,119000,1100,4800,7000,7000,6400,5200,5700,5900,6600,7200,9100,9400,9000,7900,7600,7200,5000,3600,3200
Tewkesbury,E07000083,92600,1000,4500,5600,5100,4500,3800,5200,5400,6000,5400,6400,7000,6400,5600,5600,5400,3900,2800,2700
Mendip,E07000187,114900,1100,4800,6600,6800,6700,5200,5500,5900,6000,6400,8200,9200,8500,7500,7400,7200,4700,3600,3600
Sedgemoor,E07000188,122800,1200,5400,7300,6900,6600,5900,6500,6500,6500,6300,8400,9500,8900,8000,8100,7800,5400,3800,3900
South Somerset,E07000189,167900,1600,7100,9700,9400,8500,7600,8900,9000,8600,8800,11100,12100,12100,11000,11700,11500,7900,5600,5700
Somerset West and Taunton,E07000246,153900,1500,6300,8600,8300,7700,7000,8200,8300,8200,7800,10000,11200,11100,10300,10600,10200,7100,5400,5900
Isle of Anglesey,W06000001,70000,700,2900,4100,3700,3400,3200,3900,3500,3600,3400,4600,4900,5200,4900,5000,5000,3400,2400,2300
Gwynedd,W06000002,124200,1100,4800,6900,6700,7200,10800,8400,6300,6200,5800,7600,8200,8200,7600,7600,7500,5200,3800,4100
Conwy,W06000003,117200,1000,4400,6300,6100,5700,5100,5900,5700,5900,5500,7700,8700,8800,8000,8300,8400,6000,4500,4900
Denbighshire,W06000004,95300,900,4200,5600,5500,5000,4600,5600,4800,4600,4900,6300,7100,6900,6300,6500,6400,4400,3100,2700
Flintshire,W06000005,155600,1600,6700,9400,9400,8300,7700,9500,9400,9000,8800,11400,11700,10800,9200,9500,9200,6200,4200,3600
Wrexham,W06000006,136100,1500,6300,8800,8200,7200,7000,8400,8700,8700,7800,9800,9800,8900,8100,7700,7400,5000,3500,3300
Powys,W06000023,132400,1200,4800,6800,7000,6800,5900,6600,6000,6000,6400,8700,10200,10400,9800,10000,9600,6700,4800,4700
Ceredigion,W06000008,73000,600,2500,3600,3500,4700,7400,4700,2400,3100,3200,4100,4900,5000,5000,5100,4900,3300,2400,2500
Pembrokeshire,W06000009,125100,1100,4900,7100,7100,6500,5900,6800,6400,6100,6000,7900,9100,9400,8700,8900,8700,5900,4300,4300
Carmarthenshire,W06000010,187600,1800,7800,10900,10700,10000,9300,10300,10400,10000,9800,12100,13800,13700,12900,12400,11900,8400,5900,5500
Swansea,W06000011,246500,2400,10200,13700,13200,14700,22600,18000,15000,14700,13500,15400,16100,15100,13900,13100,12600,9000,6800,6500
Neath Port Talbot,W06000012,142900,1500,6200,8000,7900,8500,7400,8500,9000,9000,8200,9500,10400,10100,9200,8700,7900,5500,3900,3500
Bridgend,W06000013,144900,1500,6500,8500,8100,7600,7700,9000,9200,9200,8500,10300,10800,10100,8600,8400,7900,5700,4000,3300
Vale of Glamorgan,W06000014,132200,1300,5900,8000,7800,7200,6700,7500,7600,8200,8000,9100,9500,9300,8300,7700,7600,5200,3700,3400
Cardiff,W06000015,364200,4100,17500,22400,19900,23000,42300,33800,26400,24100,20500,20800,21200,20000,17000,14900,12800,9000,7300,7300
Rhondda Cynon Taff,W06000016,240100,2600,11000,14800,13800,13200,15500,17000,15700,15000,13000,16200,16900,15600,13700,13300,12800,8600,6100,5200
Merthyr Tydfil,W06000024,60200,700,3000,3700,3400,3300,3400,4100,4200,3800,3200,3900,4300,4200,3500,3400,3000,2100,1500,1300
Caerphilly,W06000018,181000,1900,8300,11000,10800,10000,10200,11700,11700,11500,10400,12600,13200,12000,10700,10400,9600,6700,4600,3700
Blaenau Gwent,W06000019,69700,700,3000,4000,3800,3700,4000,4900,4500,4200,3800,4900,5300,4900,4100,4000,3800,2800,1800,1500
Torfaen,W06000020,93000,1000,4200,5700,5400,4900,5500,6200,5900,5500,4900,6200,6700,6500,5600,5400,5000,3500,2600,2400
Monmouthshire,W06000021,94100,700,3500,5000,5200,4900,4300,4700,4400,4700,4900,6700,8000,7300,6500,6500,6200,4400,3200,3200
Newport,W06000022,153300,1900,8200,10200,9300,8500,8700,10900,11000,10200,8900,10100,10900,9900,7900,7300,7000,5100,3800,3300
Aberdeen City,S12000033,227600,2300,9400,11500,9800,10500,18600,23400,20500,17400,13800,14100,14300,14000,12300,10500,8800,6500,5100,4700
Aberdeenshire,S12000034,261500,2800,11800,16200,15400,13800,12700,13200,15200,17100,17100,19900,20400,18900,17100,15300,13500,9100,6300,5600
Angus,S12000041,116000,1000,4500,6200,6300,6100,6100,5900,6200,6600,6400,8100,8800,8900,7700,7700,7400,5000,3700,3500
Argyll and Bute,S12000035,86300,600,3000,4300,4300,4400,4800,4200,3800,4300,4600,5700,6900,7000,6500,6400,6000,4200,3000,2500
Clackmannanshire,S12000005,51400,500,2200,2900,2900,2800,2900,2800,2900,3000,3000,3900,4200,3900,3300,3200,2900,1900,1300,1000
Dumfries and Galloway,S12000006,148800,1200,5200,7600,7900,7200,7600,7400,7500,7300,7200,9900,11900,12000,11000,10800,10000,7300,5200,4500
Dundee City,S12000042,148800,1500,6100,8000,7200,8400,13600,14300,11400,9100,7400,8500,9400,9700,8200,7100,6700,4800,3900,3600
East Ayrshire,S12000008,121800,1200,5200,7000,6600,6300,7000,7200,7200,7100,6800,8900,9800,9100,8000,7400,6800,4600,3200,2600
East Dunbartonshire,S12000045,108300,1000,4600,6300,6200,5900,5800,5600,5100,5800,6000,7600,8400,8400,7400,6600,6100,4500,3700,3200
East Lothian,S12000010,105800,1000,4600,6400,6300,5400,5700,5800,5600,6200,6400,7800,8400,8100,6900,6000,5800,4000,2900,2500
East Renfrewshire,S12000011,95200,900,4300,6500,6500,5700,5200,4600,4300,5300,6000,6900,7300,6800,6000,5200,4800,3500,2800,2700
City of Edinburgh,S12000036,518500,5000,20300,26300,22800,24500,44700,55400,47900,40300,32900,32200,32200,30200,25600,22500,19600,13700,11100,11200
Na h-Eileanan Siar,S12000013,26800,200,1000,1300,1500,1300,1200,1100,1300,1400,1600,1900,2100,2100,1900,1900,1700,1300,900,900
Falkirk,S12000014,160300,1500,6600,9300,9000,8500,8900,9400,9800,10400,10400,12300,12800,11500,9700,9000,8000,5600,4100,3300
Fife,S12000047,371900,3500,15500,21400,20400,20300,23900,22200,21100,22100,21300,25900,28100,26800,23800,22000,20900,14000,10000,8700
Glasgow City,S12000049,626400,6600,27100,32800,28100,31600,53400,68900,58200,47600,36300,39000,41300,39200,31900,24900,20900,15500,12000,11000
Highland,S12000017,235500,2000,9100,12600,13000,12400,11800,12100,13500,13800,13200,16300,18900,18100,16600,15500,13900,9700,6800,6100
Inverclyde,S12000018,78200,700,2900,4100,4200,4100,4500,4700,4400,4500,4200,5300,6500,6600,5300,4800,4200,3100,2300,2100
Midlothian,S12000019,91300,1100,4700,5700,5100,4800,4800,5500,5800,6100,5500,6300,6700,6400,5600,5200,4800,3100,2200,1800
Moray,S12000020,95500,800,3700,5200,5400,5200,5200,5300,5600,5500,5500,7000,7300,6900,6300,5800,5400,3800,2800,2500
North Ayrshire,S12000021,135300,1200,5200,7400,7500,7300,8100,7500,7000,7000,7200,9400,10600,10400,9400,8800,8300,5800,3800,3300
North Lanarkshire,S12000050,340200,3500,14800,20300,20400,19500,20600,21000,21600,22700,21100,25000,26700,24300,20700,18000,15500,11100,7700,5800
Orkney Islands,S12000023,22200,200,800,1200,1200,1100,1100,1200,1200,1200,1200,1500,1800,1800,1600,1500,1400,1100,700,600
Perth and Kinross,S12000048,151300,1200,5700,8000,8000,8000,7700,8200,8500,8700,8200,10300,12000,11300,10300,9900,9000,6600,4800,4800
Renfrewshire,S12000038,177800,1800,7300,9800,9600,9300,10700,11700,11500,11300,10000,12600,14200,13500,11300,9700,8800,6200,4700,3900
Scottish Borders,S12000026,115300,1000,4500,6200,6200,5800,5600,5200,5300,5800,6000,8300,9400,9300,8500,8100,7800,5300,3700,3200
Shetland Islands,S12000027,23000,200,1000,1400,1300,1200,1200,1300,1400,1400,1400,1600,1800,1700,1500,1400,1200,900,600,500
South Ayrshire,S12000028,112600,900,4200,5700,5800,5600,6000,5500,5600,5800,5800,7600,8800,8900,8300,7900,7500,5300,3900,3500
South Lanarkshire,S12000029,319000,3200,13600,17900,17400,16800,17800,18300,18600,20300,19200,23500,25200,24600,21400,18300,16100,11400,8300,7100
Stirling,S12000030,94300,800,3500,4900,5300,5900,7900,6500,5100,5100,5200,6700,7200,6600,5600,5100,4800,3500,2500,2100
West Dunbartonshire,S12000039,89100,900,3800,5200,4900,4600,5200,5800,5600,5400,4800,6200,7200,6900,6100,5000,4400,3100,2100,1900
West Lothian,S12000040,182100,1900,8400,11600,11500,10200,10400,10800,12100,12200,11700,14000,14300,12900,10300,9100,8300,5700,3800,2900
Antrim and Newtownabbey,N09000001,142500,1700,7100,9900,9400,8600,8300,8800,9200,9500,9200,10000,10200,9200,7800,6800,6200,4600,3200,2800
"Armagh City, Banbridge and Craigavon",N09000002,214100,2900,12200,15900,14600,12600,11900,14200,14800,14700,13700,14700,14900,13400,11000,9500,8700,6400,4400,3700
Belfast,N09000003,341900,4200,17900,22500,19800,21000,28700,26600,26300,23600,20300,20500,22100,21000,17400,13600,12200,9600,7400,7300
Causeway Coast and Glens,N09000004,144200,1600,6900,9200,9000,8900,9100,8300,8600,8700,8600,10300,10900,9700,8300,7600,6800,5200,3400,3100
Derry City and Strabane,N09000005,150700,2000,8300,10800,9800,9900,9700,9700,10100,9300,9300,10800,11000,9700,7900,7000,6100,4200,2900,2200
Fermanagh and Omagh,N09000006,116800,1500,6200,8200,7800,7400,6200,6900,7500,7600,7400,8000,8000,7700,6900,6100,5100,3600,2500,2400
Lisburn and Castlereagh,N09000007,144400,1800,7200,9600,8900,8100,7800,8800,9700,9700,9000,9900,10900,10000,7900,6800,6300,5200,3500,3100
Mid and East Antrim,N09000008,138800,1500,6500,8500,8600,8000,7700,8500,8400,8400,8100,10100,10500,9600,8300,7300,6800,5100,3600,3200
Mid Ulster,N09000009,147400,2100,8800,11200,10300,9200,8700,10200,10400,10400,9700,10000,9500,8600,7200,6300,5500,4000,2700,2500
"Newry, Mourne and Down",N09000010,180000,2300,10300,13400,12300,11400,10300,11500,11800,11600,11000,12200,12600,11500,9900,8300,7200,5200,3700,3400
Ards and North Down,N09000011,160900,1500,7100,9800,9900,8800,7800,9000,9400,9800,9600,11300,11800,11300,10100,9800,9600,6300,4100,4000
Column Total,Column Total,66435600,745300,3168800,4138500,3858900,3669300,4184600,4527200,4463400,4372200,3993400,4507400,4674200,4293800,3673100,3396400,3251600,2235600,1673500,1608500
